method,target_return,oos_return,oos_variance,oos_stddev,sharpe_ratio,max_drawdown
vanilla,0,0.00160713,0.00123034,0.0350762,0.0458181,-0.0626294
vanilla,0.00526316,0.00187436,0.00160633,0.040079,0.0467667,-0.0822146
vanilla,0.0105263,0.0021416,0.00316734,0.0562791,0.0380532,-0.127804
vanilla,0.0157895,0.00240884,0.00591337,0.0768984,0.0313249,-0.17764
vanilla,0.0210526,0.00267608,0.00984443,0.0992191,0.0269714,-0.227476
vanilla,0.0263158,0.00294331,0.0149605,0.122313,0.0240638,-0.277312
vanilla,0.0315789,0.00321055,0.0212616,0.145814,0.0220182,-0.327149
vanilla,0.0368421,0.00347779,0.0287477,0.169552,0.0205117,-0.376985
vanilla,0.0421053,0.00374503,0.0374189,0.19344,0.0193602,-0.426821
vanilla,0.0473684,0.00401227,0.0472751,0.217428,0.0184533,-0.476657
vanilla,0.0526316,0.0042795,0.0583163,0.241488,0.0177214,-0.526493
vanilla,0.0578947,0.00454674,0.0705425,0.265598,0.0171189,-0.576329
vanilla,0.0631579,0.00481398,0.0839537,0.289748,0.0166144,-0.626165
vanilla,0.0684211,0.00508122,0.09855,0.313927,0.016186,-0.676002
vanilla,0.0736842,0.00534845,0.114331,0.338129,0.0158178,-0.725838
vanilla,0.0789474,0.00561569,0.131298,0.36235,0.015498,-0.775674
vanilla,0.0842105,0.00588293,0.149449,0.386586,0.0152176,-0.82551
vanilla,0.0894737,0.00615017,0.168785,0.410835,0.0149699,-0.875346
vanilla,0.0947368,0.0064174,0.189307,0.435094,0.0147495,-0.925182
vanilla,0.1,0.00668464,0.211013,0.459362,0.014552,-0.975018
shrinkage,0,0.00130757,0.000297426,0.017246,0.0758184,-0.0220003
shrinkage,0.00526316,0.00236359,0.000418393,0.0204547,0.115553,-0.0227594
shrinkage,0.0105263,0.00341962,0.000856992,0.0292744,0.116813,-0.027958
shrinkage,0.0157895,0.00447565,0.00161322,0.040165,0.111432,-0.0400767
shrinkage,0.0210526,0.00553168,0.00268709,0.0518371,0.106713,-0.0521953
shrinkage,0.0263158,0.0065877,0.00407858,0.0638638,0.103152,-0.064314
shrinkage,0.0315789,0.00764373,0.00578771,0.076077,0.100474,-0.0764327
shrinkage,0.0368421,0.00869976,0.00781446,0.0883995,0.0984141,-0.0885514
shrinkage,0.0421053,0.00975578,0.0101589,0.100791,0.0967921,-0.10067
shrinkage,0.0473684,0.0108118,0.0128209,0.113229,0.095486,-0.112789
shrinkage,0.0526316,0.0118678,0.0158005,0.1257,0.0944139,-0.124907
shrinkage,0.0578947,0.0129239,0.0190978,0.138195,0.0935192,-0.137026
shrinkage,0.0631579,0.0139799,0.0227127,0.150707,0.0927618,-0.149145
shrinkage,0.0684211,0.0150359,0.0266453,0.163234,0.0921128,-0.161264
shrinkage,0.0736842,0.0160919,0.0308955,0.175771,0.0915506,-0.173382
shrinkage,0.0789474,0.017148,0.0354633,0.188317,0.0910591,-0.185501
shrinkage,0.0842105,0.018204,0.0403487,0.20087,0.0906258,-0.19762
shrinkage,0.0894737,0.01926,0.0455518,0.213429,0.0902411,-0.209738
shrinkage,0.0947368,0.0203161,0.0510725,0.225992,0.0898971,-0.221857
shrinkage,0.1,0.0213721,0.0569108,0.23856,0.0895879,-0.233976
benchmark,-1,0.00236949,0.000756039,0.0274962,0.0861752,-0.0472867
