fold,target_return,oos_return,oos_variance
0,0,0.000636455,0.000652709
0,0.00526316,0.00817213,0.00105111
0,0.0105263,0.0157078,0.00174139
0,0.0157895,0.0232435,0.00272355
0,0.0210526,0.0307792,0.00399757
0,0.0263158,0.0383148,0.00556348
0,0.0315789,0.0458505,0.00742126
0,0.0368421,0.0533862,0.00957091
0,0.0421053,0.0609219,0.0120124
0,0.0473684,0.0684575,0.0147458
0,0.0526316,0.0759932,0.0177711
0,0.0578947,0.0835289,0.0210883
0,0.0631579,0.0910646,0.0246973
0,0.0684211,0.0986003,0.0285982
0,0.0736842,0.106136,0.032791
0,0.0789474,0.113672,0.0372756
0,0.0842105,0.121207,0.0420522
0,0.0894737,0.128743,0.0471206
0,0.0947368,0.136279,0.0524808
0,0.1,0.143814,0.058133
1,0,0.00734686,0.000425707
1,0.00526316,0.00527463,0.000244984
1,0.0105263,0.00320239,0.000556494
1,0.0157895,0.00113015,0.00136024
1,0.0210526,-0.000942086,0.00265621
1,0.0263158,-0.00301432,0.00444442
1,0.0315789,-0.00508656,0.00672485
1,0.0368421,-0.0071588,0.00949753
1,0.0421053,-0.00923103,0.0127624
1,0.0473684,-0.0113033,0.0165196
1,0.0526316,-0.0133755,0.0207689
1,0.0578947,-0.0154477,0.0255105
1,0.0631579,-0.01752,0.0307444
1,0.0684211,-0.0195922,0.0364704
1,0.0736842,-0.0216645,0.0426887
1,0.0789474,-0.0237367,0.0493993
1,0.0842105,-0.0258089,0.056602
1,0.0894737,-0.0278812,0.064297
1,0.0947368,-0.0299534,0.0724842
1,0.1,-0.0320256,0.0811637
2,0,0.0125956,0.00111892
2,0.00526316,0.00995791,0.000602491
2,0.0105263,0.00732022,0.000380985
2,0.0157895,0.00468253,0.000454399
2,0.0210526,0.00204483,0.000822736
2,0.0263158,-0.00059286,0.00148599
2,0.0315789,-0.00323055,0.00244417
2,0.0368421,-0.00586825,0.00369727
2,0.0421053,-0.00850594,0.00524529
2,0.0473684,-0.0111436,0.00708823
2,0.0526316,-0.0137813,0.0092261
2,0.0578947,-0.016419,0.0116589
2,0.0631579,-0.0190567,0.0143866
2,0.0684211,-0.0216944,0.0174092
2,0.0736842,-0.0243321,0.0207268
2,0.0789474,-0.0269698,0.0243392
2,0.0842105,-0.0296075,0.0282466
2,0.0894737,-0.0322452,0.0324489
2,0.0947368,-0.0348829,0.0369462
2,0.1,-0.0375206,0.0417383
3,0,0.00284466,0.000601768
3,0.00526316,0.00391317,0.000218507
3,0.0105263,0.00498169,0.000497881
3,0.0157895,0.00605021,0.00143989
3,0.0210526,0.00711873,0.00304453
3,0.0263158,0.00818725,0.0053118
3,0.0315789,0.00925577,0.00824171
3,0.0368421,0.0103243,0.0118343
3,0.0421053,0.0113928,0.0160894
3,0.0473684,0.0124613,0.0210072
3,0.0526316,0.0135298,0.0265877
3,0.0578947,0.0145984,0.0328308
3,0.0631579,0.0156669,0.0397365
3,0.0684211,0.0167354,0.0473048
3,0.0736842,0.0178039,0.0555358
3,0.0789474,0.0188724,0.0644294
3,0.0842105,0.019941,0.0739856
3,0.0894737,0.0210095,0.0842045
3,0.0947368,0.022078,0.095086
3,0.1,0.0231465,0.10663
4,0,0.00995049,0.000695053
4,0.00526316,0.0177415,0.000839088
4,0.0105263,0.0255325,0.00155367
4,0.0157895,0.0333235,0.00283879
4,0.0210526,0.0411144,0.00469445
4,0.0263158,0.0489054,0.00712065
4,0.0315789,0.0566964,0.0101174
4,0.0368421,0.0644874,0.0136847
4,0.0421053,0.0722784,0.0178225
4,0.0473684,0.0800694,0.0225309
4,0.0526316,0.0878604,0.0278098
4,0.0578947,0.0956514,0.0336593
4,0.0631579,0.103442,0.0400793
4,0.0684211,0.111233,0.0470698
4,0.0736842,0.119024,0.0546309
4,0.0789474,0.126815,0.0627626
4,0.0842105,0.134606,0.0714647
4,0.0894737,0.142397,0.0807374
4,0.0947368,0.150188,0.0905807
4,0.1,0.157979,0.100995
5,0,-0.0119397,0.000905386
5,0.00526316,-0.00363539,0.000247831
5,0.0105263,0.00466897,0.000817022
5,0.0157895,0.0129733,0.00261296
5,0.0210526,0.0212777,0.00563564
5,0.0263158,0.029582,0.00988507
5,0.0315789,0.0378864,0.0153612
5,0.0368421,0.0461907,0.0220642
5,0.0421053,0.0544951,0.0299938
5,0.0473684,0.0627994,0.0391502
5,0.0526316,0.0711038,0.0495334
5,0.0578947,0.0794081,0.0611433
5,0.0631579,0.0877125,0.07398
5,0.0684211,0.0960168,0.0880434
5,0.0736842,0.104321,0.103334
5,0.0789474,0.112626,0.11985
5,0.0842105,0.12093,0.137594
5,0.0894737,0.129234,0.156564
5,0.0947368,0.137539,0.176762
5,0.1,0.145843,0.198185
6,0,-0.00270108,0.000821395
6,0.00526316,-0.00372707,0.000449977
6,0.0105263,-0.00475306,0.000800456
6,0.0157895,-0.00577905,0.00187283
6,0.0210526,-0.00680504,0.00366711
6,0.0263158,-0.00783103,0.00618328
6,0.0315789,-0.00885703,0.00942136
6,0.0368421,-0.00988302,0.0133813
6,0.0421053,-0.010909,0.0180632
6,0.0473684,-0.011935,0.023467
6,0.0526316,-0.012961,0.0295926
6,0.0578947,-0.013987,0.0364402
6,0.0631579,-0.015013,0.0440096
6,0.0684211,-0.016039,0.052301
6,0.0736842,-0.017065,0.0613143
6,0.0789474,-0.0180909,0.0710494
6,0.0842105,-0.0191169,0.0815065
6,0.0894737,-0.0201429,0.0926854
6,0.0947368,-0.0211689,0.104586
6,0.1,-0.0221949,0.117209
7,0,0.0051068,0.00118057
7,0.00526316,0.00363766,0.00202499
7,0.0105263,0.00216853,0.00419373
7,0.0157895,0.000699387,0.00768679
7,0.0210526,-0.00076975,0.0125042
7,0.0263158,-0.00223889,0.0186459
7,0.0315789,-0.00370803,0.0261119
7,0.0368421,-0.00517716,0.0349022
7,0.0421053,-0.0066463,0.0450169
7,0.0473684,-0.00811544,0.0564559
7,0.0526316,-0.00958458,0.0692192
7,0.0578947,-0.0110537,0.0833068
7,0.0631579,-0.0125229,0.0987187
7,0.0684211,-0.013992,0.115455
7,0.0736842,-0.0154611,0.133516
7,0.0789474,-0.0169303,0.152901
7,0.0842105,-0.0183994,0.17361
7,0.0894737,-0.0198685,0.195643
7,0.0947368,-0.0213377,0.219001
7,0.1,-0.0228068,0.243683
8,0,0.0163745,0.00104361
8,0.00526316,0.0107686,0.000432099
8,0.0105263,0.00516269,0.000761946
8,0.0157895,-0.000443196,0.00203315
8,0.0210526,-0.00604908,0.00424571
8,0.0263158,-0.011655,0.00739964
8,0.0315789,-0.0172609,0.0114949
8,0.0368421,-0.0228668,0.0165316
8,0.0421053,-0.0284726,0.0225096
8,0.0473684,-0.0340785,0.0294289
8,0.0526316,-0.0396844,0.0372896
8,0.0578947,-0.0452903,0.0460917
8,0.0631579,-0.0508962,0.0558351
8,0.0684211,-0.0565021,0.0665199
8,0.0736842,-0.062108,0.0781461
8,0.0789474,-0.0677139,0.0907136
8,0.0842105,-0.0733198,0.104222
8,0.0894737,-0.0789256,0.118673
8,0.0947368,-0.0845315,0.134064
8,0.1,-0.0901374,0.150397
9,0,0.00770463,0.000397769
9,0.00526316,0.00588102,0.000512372
9,0.0105263,0.00405741,0.00140619
9,0.0157895,0.0022338,0.00307922
9,0.0210526,0.000410187,0.00553146
9,0.0263158,-0.00141342,0.00876291
9,0.0315789,-0.00323703,0.0127736
9,0.0368421,-0.00506064,0.0175635
9,0.0421053,-0.00688425,0.0231326
9,0.0473684,-0.00870786,0.0294809
9,0.0526316,-0.0105315,0.0366084
9,0.0578947,-0.0123551,0.0445151
9,0.0631579,-0.0141787,0.053201
9,0.0684211,-0.0160023,0.0626662
9,0.0736842,-0.0178259,0.0729106
9,0.0789474,-0.0196495,0.0839342
9,0.0842105,-0.0214731,0.095737
9,0.0894737,-0.0232967,0.108319
9,0.0947368,-0.0251204,0.12168
9,0.1,-0.026944,0.135821
10,0,0.00508975,0.000339031
10,0.00526316,0.014517,0.00101094
10,0.0105263,0.0239443,0.0031489
10,0.0157895,0.0333716,0.00675291
10,0.0210526,0.0427989,0.011823
10,0.0263158,0.0522262,0.0183591
10,0.0315789,0.0616535,0.0263613
10,0.0368421,0.0710808,0.0358295
10,0.0421053,0.0805081,0.0467638
10,0.0473684,0.0899354,0.0591642
10,0.0526316,0.0993627,0.0730306
10,0.0578947,0.10879,0.088363
10,0.0631579,0.118217,0.105162
10,0.0684211,0.127645,0.123426
10,0.0736842,0.137072,0.143157
10,0.0789474,0.146499,0.164353
10,0.0842105,0.155926,0.187016
10,0.0894737,0.165354,0.211145
10,0.0947368,0.174781,0.23674
10,0.1,0.184208,0.263801
11,0,-0.00816117,0.00133697
11,0.00526316,-0.00739702,0.00134605
11,0.0105263,-0.00663287,0.00363136
11,0.0157895,-0.00586872,0.0081929
11,0.0210526,-0.00510458,0.0150307
11,0.0263158,-0.00434043,0.0241446
11,0.0315789,-0.00357628,0.0355349
11,0.0368421,-0.00281213,0.0492013
11,0.0421053,-0.00204798,0.065144
11,0.0473684,-0.00128384,0.0833629
11,0.0526316,-0.000519688,0.103858
11,0.0578947,0.00024446,0.126629
11,0.0631579,0.00100861,0.151677
11,0.0684211,0.00177276,0.179001
11,0.0736842,0.0025369,0.208601
11,0.0789474,0.00330105,0.240477
11,0.0842105,0.0040652,0.274629
11,0.0894737,0.00482935,0.311058
11,0.0947368,0.0055935,0.349763
11,0.1,0.00635764,0.390744
12,0,0.0148747,0.000434704
12,0.00526316,0.00672323,0.00107823
12,0.0105263,-0.00142822,0.00246531
12,0.0157895,-0.00957966,0.00459593
12,0.0210526,-0.0177311,0.00747009
12,0.0263158,-0.0258826,0.0110878
12,0.0315789,-0.034034,0.0154491
12,0.0368421,-0.0421855,0.0205539
12,0.0421053,-0.0503369,0.0264022
12,0.0473684,-0.0584883,0.0329941
12,0.0526316,-0.0666398,0.0403295
12,0.0578947,-0.0747912,0.0484085
12,0.0631579,-0.0829427,0.057231
12,0.0684211,-0.0910941,0.0667971
12,0.0736842,-0.0992456,0.0771067
12,0.0789474,-0.107397,0.0881599
12,0.0842105,-0.115548,0.0999566
12,0.0894737,-0.1237,0.112497
12,0.0947368,-0.131851,0.125781
12,0.1,-0.140003,0.139808
13,0,-0.0021978,0.00117774
13,0.00526316,0.00321447,0.00188361
13,0.0105263,0.00862674,0.00327313
13,0.0157895,0.014039,0.0053463
13,0.0210526,0.0194513,0.00810311
13,0.0263158,0.0248636,0.0115436
13,0.0315789,0.0302758,0.0156677
13,0.0368421,0.0356881,0.0204755
13,0.0421053,0.0411004,0.0259669
13,0.0473684,0.0465126,0.0321419
13,0.0526316,0.0519249,0.0390006
13,0.0578947,0.0573372,0.046543
13,0.0631579,0.0627495,0.054769
13,0.0684211,0.0681617,0.0636786
13,0.0736842,0.073574,0.0732719
13,0.0789474,0.0789863,0.0835489
13,0.0842105,0.0843985,0.0945095
13,0.0894737,0.0898108,0.106154
13,0.0947368,0.0952231,0.118482
13,0.1,0.100635,0.131493
14,0,0.00369476,0.000889671
14,0.00526316,0.00935776,0.00124813
14,0.0105263,0.0150208,0.00242966
14,0.0157895,0.0206838,0.00443425
14,0.0210526,0.0263468,0.0072619
14,0.0263158,0.0320098,0.0109126
14,0.0315789,0.0376728,0.0153864
14,0.0368421,0.0433358,0.0206833
14,0.0421053,0.0489988,0.0268032
14,0.0473684,0.0546618,0.0337462
14,0.0526316,0.0603248,0.0415122
14,0.0578947,0.0659879,0.0501013
14,0.0631579,0.0716509,0.0595135
14,0.0684211,0.0773139,0.0697488
14,0.0736842,0.0829769,0.0808071
14,0.0789474,0.0886399,0.0926884
14,0.0842105,0.0943029,0.105393
14,0.0894737,0.0999659,0.11892
14,0.0947368,0.105629,0.133271
14,0.1,0.111292,0.148445
15,0,0.0116917,0.00155993
15,0.00526316,0.0132539,0.00101151
15,0.0105263,0.014816,0.00126388
15,0.0157895,0.0163781,0.00231707
15,0.0210526,0.0179402,0.00417106
15,0.0263158,0.0195023,0.00682585
15,0.0315789,0.0210644,0.0102815
15,0.0368421,0.0226265,0.0145379
15,0.0421053,0.0241886,0.0195951
15,0.0473684,0.0257507,0.0254531
15,0.0526316,0.0273129,0.0321119
15,0.0578947,0.028875,0.0395715
15,0.0631579,0.0304371,0.047832
15,0.0684211,0.0319992,0.0568932
15,0.0736842,0.0335613,0.0667553
15,0.0789474,0.0351234,0.0774181
15,0.0842105,0.0366855,0.0888818
15,0.0894737,0.0382476,0.101146
15,0.0947368,0.0398098,0.114212
15,0.1,0.0413719,0.128078
16,0,0.00597558,0.000963389
16,0.00526316,0.00669966,0.00157877
16,0.0105263,0.00742373,0.00342666
16,0.0157895,0.00814781,0.00650708
16,0.0210526,0.00887189,0.01082
16,0.0263158,0.00959597,0.0163655
16,0.0315789,0.01032,0.0231434
16,0.0368421,0.0110441,0.0311539
16,0.0421053,0.0117682,0.0403969
16,0.0473684,0.0124923,0.0508725
16,0.0526316,0.0132164,0.0625805
16,0.0578947,0.0139404,0.0755211
16,0.0631579,0.0146645,0.0896941
16,0.0684211,0.0153886,0.1051
16,0.0736842,0.0161127,0.121738
16,0.0789474,0.0168368,0.139609
16,0.0842105,0.0175608,0.158712
16,0.0894737,0.0182849,0.179047
16,0.0947368,0.019009,0.200616
16,0.1,0.0197331,0.223416
17,0,0.00778807,0.00200579
17,0.00526316,0.00350241,0.0041832
17,0.0105263,-0.000783252,0.0108423
17,0.0157895,-0.00506891,0.0219832
17,0.0210526,-0.00935457,0.0376057
17,0.0263158,-0.0136402,0.05771
17,0.0315789,-0.0179259,0.082296
17,0.0368421,-0.0222115,0.111364
17,0.0421053,-0.0264972,0.144913
17,0.0473684,-0.0307829,0.182944
17,0.0526316,-0.0350685,0.225457
17,0.0578947,-0.0393542,0.272452
17,0.0631579,-0.0436398,0.323928
17,0.0684211,-0.0479255,0.379886
17,0.0736842,-0.0522112,0.440326
17,0.0789474,-0.0564968,0.505247
17,0.0842105,-0.0607825,0.57465
17,0.0894737,-0.0650681,0.648535
17,0.0947368,-0.0693538,0.726902
17,0.1,-0.0736395,0.80975
18,0,0.0117635,0.00316426
18,0.00526316,-0.00430665,0.0087375
18,0.0105263,-0.0203768,0.0209436
18,0.0157895,-0.036447,0.0397825
18,0.0210526,-0.0525171,0.0652542
18,0.0263158,-0.0685873,0.0973587
18,0.0315789,-0.0846574,0.136096
18,0.0368421,-0.100728,0.181466
18,0.0421053,-0.116798,0.233469
18,0.0473684,-0.132868,0.292105
18,0.0526316,-0.148938,0.357374
18,0.0578947,-0.165008,0.429275
18,0.0631579,-0.181078,0.50781
18,0.0684211,-0.197149,0.592977
18,0.0736842,-0.213219,0.684777
18,0.0789474,-0.229289,0.78321
18,0.0842105,-0.245359,0.888275
18,0.0894737,-0.261429,0.999974
18,0.0947368,-0.277499,1.11831
18,0.1,-0.293569,1.24327
19,0,-0.00435227,0.010266
19,0.00526316,-0.00513201,0.0147138
19,0.0105263,-0.00591176,0.0215818
19,0.0157895,-0.00669151,0.0308701
19,0.0210526,-0.00747125,0.0425785
19,0.0263158,-0.008251,0.0567072
19,0.0315789,-0.00903074,0.0732562
19,0.0368421,-0.00981049,0.0922254
19,0.0421053,-0.0105902,0.113615
19,0.0473684,-0.01137,0.137424
19,0.0526316,-0.0121497,0.163654
19,0.0578947,-0.0129295,0.192304
19,0.0631579,-0.0137092,0.223375
19,0.0684211,-0.014489,0.256865
19,0.0736842,-0.0152687,0.292776
19,0.0789474,-0.0160485,0.331107
19,0.0842105,-0.0168282,0.371858
19,0.0894737,-0.0176079,0.41503
19,0.0947368,-0.0183877,0.460622
19,0.1,-0.0191674,0.508633
20,0,-0.0577227,0.00602579
20,0.00526316,-0.0454038,0.0026813
20,0.0105263,-0.033085,0.0101918
20,0.0157895,-0.0207662,0.0285572
20,0.0210526,-0.00844737,0.0577777
20,0.0263158,0.00387146,0.0978531
20,0.0315789,0.0161903,0.148783
20,0.0368421,0.0285091,0.210569
20,0.0421053,0.0408279,0.283209
20,0.0473684,0.0531467,0.366705
20,0.0526316,0.0654656,0.461055
20,0.0578947,0.0777844,0.56626
20,0.0631579,0.0901032,0.68232
20,0.0684211,0.102422,0.809236
20,0.0736842,0.114741,0.947006
20,0.0789474,0.12706,1.09563
20,0.0842105,0.139379,1.25511
20,0.0894737,0.151697,1.42545
20,0.0947368,0.164016,1.60664
20,0.1,0.176335,1.79868
21,0,0.000588423,0.00467249
21,0.00526316,-0.00263626,0.00408465
21,0.0105263,-0.00586095,0.0048398
21,0.0157895,-0.00908563,0.00693793
21,0.0210526,-0.0123103,0.0103791
21,0.0263158,-0.015535,0.0151632
21,0.0315789,-0.0187597,0.0212903
21,0.0368421,-0.0219844,0.0287604
21,0.0421053,-0.0252091,0.0375734
21,0.0473684,-0.0284337,0.0477295
21,0.0526316,-0.0316584,0.0592286
21,0.0578947,-0.0348831,0.0720706
21,0.0631579,-0.0381078,0.0862557
21,0.0684211,-0.0413325,0.101784
21,0.0736842,-0.0445572,0.118655
21,0.0789474,-0.0477819,0.136869
21,0.0842105,-0.0510065,0.156426
21,0.0894737,-0.0542312,0.177326
21,0.0947368,-0.0574559,0.199569
21,0.1,-0.0606806,0.223155
22,0,0.00959718,0.00102882
22,0.00526316,-0.00335322,0.00113099
22,0.0105263,-0.0163036,0.00256437
22,0.0157895,-0.029254,0.00532896
22,0.0210526,-0.0422044,0.00942476
22,0.0263158,-0.0551548,0.0148518
22,0.0315789,-0.0681052,0.02161
22,0.0368421,-0.0810556,0.0296994
22,0.0421053,-0.094006,0.03912
22,0.0473684,-0.106956,0.0498719
22,0.0526316,-0.119907,0.0619549
22,0.0578947,-0.132857,0.0753692
22,0.0631579,-0.145808,0.0901146
22,0.0684211,-0.158758,0.106191
22,0.0736842,-0.171708,0.123599
22,0.0789474,-0.184659,0.142338
22,0.0842105,-0.197609,0.162409
22,0.0894737,-0.21056,0.18381
22,0.0947368,-0.22351,0.206543
22,0.1,-0.23646,0.230607
23,0,-2.54047e-05,0.000680849
23,0.00526316,-0.00265919,0.00168613
23,0.0105263,-0.00529298,0.00343829
23,0.0157895,-0.00792677,0.00593734
23,0.0210526,-0.0105606,0.00918327
23,0.0263158,-0.0131943,0.0131761
23,0.0315789,-0.0158281,0.0179158
23,0.0368421,-0.0184619,0.0234024
23,0.0421053,-0.0210957,0.0296358
23,0.0473684,-0.0237295,0.0366162
23,0.0526316,-0.0263633,0.0443434
23,0.0578947,-0.0289971,0.0528175
23,0.0631579,-0.0316308,0.0620385
23,0.0684211,-0.0342646,0.0720064
23,0.0736842,-0.0368984,0.0827211
23,0.0789474,-0.0395322,0.0941828
23,0.0842105,-0.042166,0.106391
23,0.0894737,-0.0447998,0.119347
23,0.0947368,-0.0474336,0.133049
23,0.1,-0.0500674,0.147498
24,0,-0.00428583,0.00110636
24,0.00526316,-0.00426695,0.00237874
24,0.0105263,-0.00424807,0.00439385
24,0.0157895,-0.00422919,0.00715169
24,0.0210526,-0.00421031,0.0106523
24,0.0263158,-0.00419143,0.0148956
24,0.0315789,-0.00417255,0.0198816
24,0.0368421,-0.00415367,0.0256104
24,0.0421053,-0.00413479,0.0320819
24,0.0473684,-0.0041159,0.0392961
24,0.0526316,-0.00409702,0.0472531
24,0.0578947,-0.00407814,0.0559528
24,0.0631579,-0.00405926,0.0653952
24,0.0684211,-0.00404038,0.0755803
24,0.0736842,-0.0040215,0.0865082
24,0.0789474,-0.00400262,0.0981788
24,0.0842105,-0.00398374,0.110592
24,0.0894737,-0.00396486,0.123748
24,0.0947368,-0.00394598,0.137647
24,0.1,-0.0039271,0.152289
25,0,0.000981003,0.00104472
25,0.00526316,0.00203063,0.00157286
25,0.0105263,0.00308025,0.00251084
25,0.0157895,0.00412987,0.00385864
25,0.0210526,0.0051795,0.00561627
25,0.0263158,0.00622912,0.00778372
25,0.0315789,0.00727874,0.010361
25,0.0368421,0.00832837,0.0133481
25,0.0421053,0.00937799,0.0167451
25,0.0473684,0.0104276,0.0205518
25,0.0526316,0.0114772,0.0247684
25,0.0578947,0.0125269,0.0293949
25,0.0631579,0.0135765,0.0344311
25,0.0684211,0.0146261,0.0398772
25,0.0736842,0.0156757,0.0457331
25,0.0789474,0.0167254,0.0519988
25,0.0842105,0.017775,0.0586744
25,0.0894737,0.0188246,0.0657598
25,0.0947368,0.0198742,0.073255
25,0.1,0.0209238,0.0811601
26,0,-0.00134131,0.000531675
26,0.00526316,-0.00543716,0.000683637
26,0.0105263,-0.00953301,0.00142631
26,0.0157895,-0.0136289,0.0027597
26,0.0210526,-0.0177247,0.0046838
26,0.0263158,-0.0218206,0.00719862
26,0.0315789,-0.0259164,0.0103041
26,0.0368421,-0.0300123,0.0140004
26,0.0421053,-0.0341081,0.0182873
26,0.0473684,-0.038204,0.023165
26,0.0526316,-0.0422998,0.0286334
26,0.0578947,-0.0463957,0.0346925
26,0.0631579,-0.0504915,0.0413423
26,0.0684211,-0.0545874,0.0485828
26,0.0736842,-0.0586832,0.056414
26,0.0789474,-0.062779,0.064836
26,0.0842105,-0.0668749,0.0738486
26,0.0894737,-0.0709707,0.083452
26,0.0947368,-0.0750666,0.0936461
26,0.1,-0.0791624,0.104431
27,0,-0.00606856,0.000475227
27,0.00526316,-0.0110499,0.00059767
27,0.0105263,-0.0160313,0.00094414
27,0.0157895,-0.0210126,0.00151464
27,0.0210526,-0.025994,0.00230916
27,0.0263158,-0.0309753,0.00332771
27,0.0315789,-0.0359567,0.00457029
27,0.0368421,-0.040938,0.0060369
27,0.0421053,-0.0459194,0.00772753
27,0.0473684,-0.0509007,0.00964219
27,0.0526316,-0.0558821,0.0117809
27,0.0578947,-0.0608635,0.0141436
27,0.0631579,-0.0658448,0.0167303
27,0.0684211,-0.0708262,0.0195411
27,0.0736842,-0.0758075,0.0225759
27,0.0789474,-0.0807889,0.0258347
27,0.0842105,-0.0857702,0.0293176
27,0.0894737,-0.0907516,0.0330244
27,0.0947368,-0.0957329,0.0369554
27,0.1,-0.100714,0.0411103
28,0,0.00054663,0.00114701
28,0.00526316,0.0013545,0.000785217
28,0.0105263,0.00216237,0.000756217
28,0.0157895,0.00297024,0.00106002
28,0.0210526,0.00377812,0.00169661
28,0.0263158,0.00458599,0.00266601
28,0.0315789,0.00539386,0.0039682
28,0.0368421,0.00620173,0.00560319
28,0.0421053,0.0070096,0.00757098
28,0.0473684,0.00781747,0.00987157
28,0.0526316,0.00862535,0.012505
28,0.0578947,0.00943322,0.0154711
28,0.0631579,0.0102411,0.0187701
28,0.0684211,0.011049,0.0224019
28,0.0736842,0.0118568,0.0263665
28,0.0789474,0.0126647,0.0306639
28,0.0842105,0.0134726,0.035294
28,0.0894737,0.0142804,0.040257
28,0.0947368,0.0150883,0.0455528
28,0.1,0.0158962,0.0511813
29,0,0.00750388,0.000290371
29,0.00526316,0.00135052,0.000554614
29,0.0105263,-0.00480285,0.00123864
29,0.0157895,-0.0109562,0.00234246
29,0.0210526,-0.0171096,0.00386606
29,0.0263158,-0.0232629,0.00580945
29,0.0315789,-0.0294163,0.00817262
29,0.0368421,-0.0355697,0.0109556
29,0.0421053,-0.041723,0.0141583
29,0.0473684,-0.0478764,0.0177809
29,0.0526316,-0.0540298,0.0218232
29,0.0578947,-0.0601831,0.0262853
29,0.0631579,-0.0663365,0.0311672
29,0.0684211,-0.0724899,0.0364689
29,0.0736842,-0.0786432,0.0421903
29,0.0789474,-0.0847966,0.0483316
29,0.0842105,-0.09095,0.0548926
29,0.0894737,-0.0971034,0.0618734
29,0.0947368,-0.103257,0.069274
29,0.1,-0.10941,0.0770944
30,0,0.00929778,0.000606309
30,0.00526316,0.00931131,0.000770796
30,0.0105263,0.00932484,0.0019823
30,0.0157895,0.00933838,0.00424083
30,0.0210526,0.00935191,0.00754639
30,0.0263158,0.00936544,0.011899
30,0.0315789,0.00937897,0.0172986
30,0.0368421,0.00939251,0.0237452
30,0.0421053,0.00940604,0.0312388
30,0.0473684,0.00941957,0.0397795
30,0.0526316,0.0094331,0.0493672
30,0.0578947,0.00944664,0.0600019
30,0.0631579,0.00946017,0.0716836
30,0.0684211,0.0094737,0.0844123
30,0.0736842,0.00948723,0.0981881
30,0.0789474,0.00950077,0.113011
30,0.0842105,0.0095143,0.128881
30,0.0894737,0.00952783,0.145798
30,0.0947368,0.00954136,0.163761
30,0.1,0.0095549,0.182772
31,0,-0.0024021,0.000805153
31,0.00526316,-0.011272,0.0022855
31,0.0105263,-0.0201419,0.00561441
31,0.0157895,-0.0290117,0.0107919
31,0.0210526,-0.0378816,0.0178179
31,0.0263158,-0.0467515,0.0266925
31,0.0315789,-0.0556214,0.0374157
31,0.0368421,-0.0644912,0.0499874
31,0.0421053,-0.0733611,0.0644076
31,0.0473684,-0.082231,0.0806765
31,0.0526316,-0.0911009,0.0987938
31,0.0578947,-0.0999707,0.11876
31,0.0631579,-0.108841,0.140574
31,0.0684211,-0.117711,0.164237
31,0.0736842,-0.12658,0.189749
31,0.0789474,-0.13545,0.217109
31,0.0842105,-0.14432,0.246318
31,0.0894737,-0.15319,0.277375
31,0.0947368,-0.16206,0.310281
31,0.1,-0.17093,0.345036
32,0,-0.0065262,0.0010637
32,0.00526316,0.00283745,0.00129633
32,0.0105263,0.0122011,0.00211612
32,0.0157895,0.0215647,0.00352307
32,0.0210526,0.0309284,0.00551717
32,0.0263158,0.040292,0.00809842
32,0.0315789,0.0496557,0.0112668
32,0.0368421,0.0590193,0.0150224
32,0.0421053,0.0683829,0.0193651
32,0.0473684,0.0777466,0.0242949
32,0.0526316,0.0871102,0.029812
32,0.0578947,0.0964739,0.0359161
32,0.0631579,0.105837,0.0426075
32,0.0684211,0.115201,0.0498859
32,0.0736842,0.124565,0.0577516
32,0.0789474,0.133928,0.0662043
32,0.0842105,0.143292,0.0752443
32,0.0894737,0.152656,0.0848714
32,0.0947368,0.162019,0.0950856
32,0.1,0.171383,0.105887
33,0,-0.00283707,0.000873455
33,0.00526316,0.0028315,0.00176909
33,0.0105263,0.00850007,0.00348451
33,0.0157895,0.0141686,0.00601969
33,0.0210526,0.0198372,0.00937465
33,0.0263158,0.0255058,0.0135494
33,0.0315789,0.0311744,0.0185439
33,0.0368421,0.0368429,0.0243582
33,0.0421053,0.0425115,0.0309922
33,0.0473684,0.0481801,0.038446
33,0.0526316,0.0538486,0.0467196
33,0.0578947,0.0595172,0.055813
33,0.0631579,0.0651858,0.0657261
33,0.0684211,0.0708544,0.076459
33,0.0736842,0.0765229,0.0880117
33,0.0789474,0.0821915,0.100384
33,0.0842105,0.0878601,0.113576
33,0.0894737,0.0935286,0.127588
33,0.0947368,0.0991972,0.14242
33,0.1,0.104866,0.158072
34,0,0.00260356,0.0013824
34,0.00526316,0.00762257,0.00165341
34,0.0105263,0.0126416,0.00215472
34,0.0157895,0.0176606,0.00288633
34,0.0210526,0.0226796,0.00384824
34,0.0263158,0.0276986,0.00504045
34,0.0315789,0.0327176,0.00646295
34,0.0368421,0.0377367,0.00811576
34,0.0421053,0.0427557,0.00999886
34,0.0473684,0.0477747,0.0121123
34,0.0526316,0.0527937,0.014456
34,0.0578947,0.0578127,0.01703
34,0.0631579,0.0628317,0.0198343
34,0.0684211,0.0678507,0.0228689
34,0.0736842,0.0728697,0.0261338
34,0.0789474,0.0778888,0.029629
34,0.0842105,0.0829078,0.0333544
34,0.0894737,0.0879268,0.0373102
34,0.0947368,0.0929458,0.0414963
34,0.1,0.0979648,0.0459127
35,0,0.00253953,0.000268153
35,0.00526316,-0.00191207,0.000266449
35,0.0105263,-0.00636367,0.000495502
35,0.0157895,-0.0108153,0.000955311
35,0.0210526,-0.0152669,0.00164588
35,0.0263158,-0.0197185,0.0025672
35,0.0315789,-0.0241701,0.00371927
35,0.0368421,-0.0286217,0.00510211
35,0.0421053,-0.0330733,0.0067157
35,0.0473684,-0.0375249,0.00856004
35,0.0526316,-0.0419765,0.0106351
35,0.0578947,-0.0464281,0.012941
35,0.0631579,-0.0508797,0.0154776
35,0.0684211,-0.0553313,0.018245
35,0.0736842,-0.0597829,0.0212431
35,0.0789474,-0.0642345,0.024472
35,0.0842105,-0.0686861,0.0279316
35,0.0894737,-0.0731377,0.031622
35,0.0947368,-0.0775893,0.0355432
35,0.1,-0.0820409,0.0396951
36,0,-0.00884617,0.000736075
36,0.00526316,-0.00760909,0.000802562
36,0.0105263,-0.00637201,0.00119953
36,0.0157895,-0.00513494,0.00192696
36,0.0210526,-0.00389786,0.00298488
36,0.0263158,-0.00266078,0.00437327
36,0.0315789,-0.00142371,0.00609214
36,0.0368421,-0.000186631,0.00814149
36,0.0421053,0.00105045,0.0105213
36,0.0473684,0.00228752,0.0132316
36,0.0526316,0.0035246,0.0162724
36,0.0578947,0.00476168,0.0196436
36,0.0631579,0.00599875,0.0233454
36,0.0684211,0.00723583,0.0273776
36,0.0736842,0.0084729,0.0317402
36,0.0789474,0.00970998,0.0364334
36,0.0842105,0.0109471,0.041457
36,0.0894737,0.0121841,0.0468111
36,0.0947368,0.0134212,0.0524957
36,0.1,0.0146583,0.0585108
37,0,0.00995085,0.000356741
37,0.00526316,0.0139023,0.00109765
37,0.0105263,0.0178537,0.00251965
37,0.0157895,0.0218051,0.00462274
37,0.0210526,0.0257565,0.00740691
37,0.0263158,0.0297079,0.0108722
37,0.0315789,0.0336594,0.0150185
37,0.0368421,0.0376108,0.0198459
37,0.0421053,0.0415622,0.0253544
37,0.0473684,0.0455136,0.031544
37,0.0526316,0.049465,0.0384147
37,0.0578947,0.0534164,0.0459665
37,0.0631579,0.0573679,0.0541994
37,0.0684211,0.0613193,0.0631133
37,0.0736842,0.0652707,0.0727083
37,0.0789474,0.0692221,0.0829844
37,0.0842105,0.0731735,0.0939416
37,0.0894737,0.0771249,0.10558
37,0.0947368,0.0810764,0.117899
37,0.1,0.0850278,0.1309
38,0,-0.00915149,0.000202497
38,0.00526316,-0.0118862,0.00076811
38,0.0105263,-0.0146209,0.00224548
38,0.0157895,-0.0173556,0.0046346
38,0.0210526,-0.0200904,0.00793549
38,0.0263158,-0.0228251,0.0121481
38,0.0315789,-0.0255598,0.0172725
38,0.0368421,-0.0282945,0.0233087
38,0.0421053,-0.0310292,0.0302566
38,0.0473684,-0.033764,0.0381162
38,0.0526316,-0.0364987,0.0468877
38,0.0578947,-0.0392334,0.0565708
38,0.0631579,-0.0419681,0.0671658
38,0.0684211,-0.0447028,0.0786725
38,0.0736842,-0.0474375,0.0910909
38,0.0789474,-0.0501723,0.104421
38,0.0842105,-0.052907,0.118663
38,0.0894737,-0.0556417,0.133817
38,0.0947368,-0.0583764,0.149882
38,0.1,-0.0611111,0.166859
39,0,0.00765298,0.000423452
39,0.00526316,0.00791327,0.000623137
39,0.0105263,0.00817356,0.00128232
39,0.0157895,0.00843385,0.00240099
39,0.0210526,0.00869414,0.00397916
39,0.0263158,0.00895443,0.00601683
39,0.0315789,0.00921472,0.00851399
39,0.0368421,0.00947501,0.0114706
39,0.0421053,0.0097353,0.0148868
39,0.0473684,0.00999559,0.0187624
39,0.0526316,0.0102559,0.0230976
39,0.0578947,0.0105162,0.0278922
39,0.0631579,0.0107765,0.0331463
39,0.0684211,0.0110367,0.03886
39,0.0736842,0.011297,0.0450331
39,0.0789474,0.0115573,0.0516657
39,0.0842105,0.0118176,0.0587578
39,0.0894737,0.0120779,0.0663094
39,0.0947368,0.0123382,0.0743205
39,0.1,0.0125985,0.0827911
40,0,0.0033194,0.000494242
40,0.00526316,0.00800102,0.000670218
40,0.0105263,0.0126826,0.00112463
40,0.0157895,0.0173642,0.00185749
40,0.0210526,0.0220459,0.00286878
40,0.0263158,0.0267275,0.00415852
40,0.0315789,0.0314091,0.0057267
40,0.0368421,0.0360907,0.00757331
40,0.0421053,0.0407723,0.00969837
40,0.0473684,0.0454539,0.0121019
40,0.0526316,0.0501356,0.0147838
40,0.0578947,0.0548172,0.0177442
40,0.0631579,0.0594988,0.020983
40,0.0684211,0.0641804,0.0245003
40,0.0736842,0.068862,0.028296
40,0.0789474,0.0735436,0.0323701
40,0.0842105,0.0782252,0.0367227
40,0.0894737,0.0829069,0.0413537
40,0.0947368,0.0875885,0.0462632
40,0.1,0.0922701,0.0514511
41,0,0.00439905,0.000981263
41,0.00526316,0.0145386,0.000815897
41,0.0105263,0.0246782,0.000992833
41,0.0157895,0.0348177,0.00151207
41,0.0210526,0.0449573,0.00237361
41,0.0263158,0.0550968,0.00357745
41,0.0315789,0.0652364,0.00512359
41,0.0368421,0.0753759,0.00701204
41,0.0421053,0.0855155,0.00924278
41,0.0473684,0.0956551,0.0118158
41,0.0526316,0.105795,0.0147312
41,0.0578947,0.115934,0.0179888
41,0.0631579,0.126074,0.0215888
41,0.0684211,0.136213,0.025531
41,0.0736842,0.146353,0.0298156
41,0.0789474,0.156492,0.0344424
41,0.0842105,0.166632,0.0394116
41,0.0894737,0.176772,0.0447231
41,0.0947368,0.186911,0.0503768
41,0.1,0.197051,0.0563729
42,0,-0.00102313,0.000625305
42,0.00526316,0.00134038,0.00113866
42,0.0105263,0.0037039,0.00248921
42,0.0157895,0.00606741,0.00467697
42,0.0210526,0.00843092,0.00770193
42,0.0263158,0.0107944,0.0115641
42,0.0315789,0.0131579,0.0162635
42,0.0368421,0.0155215,0.0218
42,0.0421053,0.017885,0.0281738
42,0.0473684,0.0202485,0.0353848
42,0.0526316,0.022612,0.043433
42,0.0578947,0.0249755,0.0523183
42,0.0631579,0.027339,0.0620409
42,0.0684211,0.0297025,0.0726007
42,0.0736842,0.0320661,0.0839977
42,0.0789474,0.0344296,0.0962319
42,0.0842105,0.0367931,0.109303
42,0.0894737,0.0391566,0.123212
42,0.0947368,0.0415201,0.137958
42,0.1,0.0438836,0.153541
43,0,0.00818535,0.000808072
43,0.00526316,0.0069112,0.00083548
43,0.0105263,0.00563704,0.0013477
43,0.0157895,0.00436289,0.00234473
43,0.0210526,0.00308873,0.00382657
43,0.0263158,0.00181458,0.00579321
43,0.0315789,0.000540425,0.00824467
43,0.0368421,-0.00073373,0.0111809
43,0.0421053,-0.00200788,0.014602
43,0.0473684,-0.00328204,0.0185079
43,0.0526316,-0.00455619,0.0228986
43,0.0578947,-0.00583035,0.0277741
43,0.0631579,-0.0071045,0.0331344
43,0.0684211,-0.00837866,0.0389796
43,0.0736842,-0.00965281,0.0453095
43,0.0789474,-0.010927,0.0521242
43,0.0842105,-0.0122011,0.0594238
43,0.0894737,-0.0134753,0.0672082
43,0.0947368,-0.0147494,0.0754774
43,0.1,-0.0160236,0.0842313
44,0,-0.000354564,0.000236633
44,0.00526316,0.00358796,0.000497351
44,0.0105263,0.00753048,0.00124895
44,0.0157895,0.011473,0.00249144
44,0.0210526,0.0154155,0.00422481
44,0.0263158,0.0193581,0.00644906
44,0.0315789,0.0233006,0.00916419
44,0.0368421,0.0272431,0.0123702
44,0.0421053,0.0311856,0.0160671
44,0.0473684,0.0351282,0.0202549
44,0.0526316,0.0390707,0.0249336
44,0.0578947,0.0430132,0.0301031
44,0.0631579,0.0469557,0.0357636
44,0.0684211,0.0508982,0.0419149
44,0.0736842,0.0548408,0.0485571
44,0.0789474,0.0587833,0.0556902
44,0.0842105,0.0627258,0.0633141
44,0.0894737,0.0666683,0.071429
44,0.0947368,0.0706109,0.0800347
44,0.1,0.0745534,0.0891313
45,0,0.0010659,0.00208571
45,0.00526316,0.00489293,0.00195804
45,0.0105263,0.00871995,0.00225532
45,0.0157895,0.012547,0.00297753
45,0.0210526,0.016374,0.00412469
45,0.0263158,0.020201,0.00569679
45,0.0315789,0.0240281,0.00769383
45,0.0368421,0.0278551,0.0101158
45,0.0421053,0.0316821,0.0129627
45,0.0473684,0.0355091,0.0162346
45,0.0526316,0.0393362,0.0199314
45,0.0578947,0.0431632,0.0240532
45,0.0631579,0.0469902,0.0285999
45,0.0684211,0.0508172,0.0335715
45,0.0736842,0.0546443,0.0389681
45,0.0789474,0.0584713,0.0447896
45,0.0842105,0.0622983,0.0510361
45,0.0894737,0.0661253,0.0577075
45,0.0947368,0.0699524,0.0648038
45,0.1,0.0737794,0.0723251
46,0,0.00915849,0.000756969
46,0.00526316,-0.00286562,0.000545222
46,0.0105263,-0.0148897,0.00137351
46,0.0157895,-0.0269138,0.00324182
46,0.0210526,-0.0389379,0.00615016
46,0.0263158,-0.050962,0.0100985
46,0.0315789,-0.0629862,0.0150869
46,0.0368421,-0.0750103,0.0211154
46,0.0421053,-0.0870344,0.0281838
46,0.0473684,-0.0990585,0.0362923
46,0.0526316,-0.111083,0.0454409
46,0.0578947,-0.123107,0.0556294
46,0.0631579,-0.135131,0.066858
46,0.0684211,-0.147155,0.0791266
46,0.0736842,-0.159179,0.0924353
46,0.0789474,-0.171203,0.106784
46,0.0842105,-0.183227,0.122173
46,0.0894737,-0.195251,0.138601
46,0.0947368,-0.207275,0.15607
46,0.1,-0.2193,0.174579
47,0,0.0017719,0.00083241
47,0.00526316,0.00286422,0.00103252
47,0.0105263,0.00395654,0.00170573
47,0.0157895,0.00504887,0.00285204
47,0.0210526,0.00614119,0.00447144
47,0.0263158,0.00723351,0.00656394
47,0.0315789,0.00832583,0.00912955
47,0.0368421,0.00941815,0.0121682
47,0.0421053,0.0105105,0.01568
47,0.0473684,0.0116028,0.0196649
47,0.0526316,0.0126951,0.0241229
47,0.0578947,0.0137874,0.029054
47,0.0631579,0.0148798,0.0344582
47,0.0684211,0.0159721,0.0403355
47,0.0736842,0.0170644,0.0466859
47,0.0789474,0.0181567,0.0535094
47,0.0842105,0.019249,0.060806
47,0.0894737,0.0203414,0.0685757
47,0.0947368,0.0214337,0.0768184
47,0.1,0.022526,0.0855343
48,0,0.000236465,0.000210552
48,0.00526316,0.00279944,0.000410252
48,0.0105263,0.00536242,0.0017109
48,0.0157895,0.0079254,0.00411251
48,0.0210526,0.0104884,0.00761506
48,0.0263158,0.0130514,0.0122186
48,0.0315789,0.0156143,0.017923
48,0.0368421,0.0181773,0.0247284
48,0.0421053,0.0207403,0.0326348
48,0.0473684,0.0233033,0.0416421
48,0.0526316,0.0258662,0.0517503
48,0.0578947,0.0284292,0.0629595
48,0.0631579,0.0309922,0.0752697
48,0.0684211,0.0335552,0.0886808
48,0.0736842,0.0361182,0.103193
48,0.0789474,0.0386811,0.118806
48,0.0842105,0.0412441,0.13552
48,0.0894737,0.0438071,0.153335
48,0.0947368,0.0463701,0.172251
48,0.1,0.048933,0.192267
49,0,0.00745643,0.000784199
49,0.00526316,0.0115631,0.00150864
49,0.0105263,0.0156697,0.00300289
49,0.0157895,0.0197763,0.00526695
49,0.0210526,0.0238829,0.00830083
49,0.0263158,0.0279895,0.0121045
49,0.0315789,0.0320962,0.016678
49,0.0368421,0.0362028,0.0220214
49,0.0421053,0.0403094,0.0281345
49,0.0473684,0.044416,0.0350175
49,0.0526316,0.0485227,0.0426702
49,0.0578947,0.0526293,0.0510928
49,0.0631579,0.0567359,0.0602852
49,0.0684211,0.0608425,0.0702474
49,0.0736842,0.0649491,0.0809794
49,0.0789474,0.0690558,0.0924813
49,0.0842105,0.0731624,0.104753
49,0.0894737,0.077269,0.117794
49,0.0947368,0.0813756,0.131606
49,0.1,0.0854823,0.146187
